"PCA0001"	"PCA0002"	"PCA0003"	"PCA0005"	"PCA0007"	"PCA0008"	"PCA0009"	"PCA0010"	"PCA0011"	"PCA0012"	"PCA0013"	"PCA0014"	"PCA0015"	"PCA0017"	"PCA0018"	"PCA0020"	"PCA0021"	"PCA0022"	"PCA0024"	"PCA0025"	"PCA0026"	"PCA0027"	"PCA0028"	"PCA0029"	"PCA0030"	"PCA0031"	"PCA0032"	"PCA0033"	"PCA0034"	"PCA0035"	"PCA0036"	"PCA0037"	"PCA0038"	"PCA0040"	"PCA0050"	"PCA0052"	"PCA0054"	"PCA0056"	"PCA0057"	"PCA0058"	"PCA0062"	"PCA0063"	"PCA0064"	"PCA0065"	"PCA0066"	"PCA0068"	"PCA0073"	"PCA0074"	"PCA0075"	"PCA0077"	"PCA0080"	"PCA0081"	"PCA0082"	"PCA0083"	"PCA0084"	"PCA0086"	"PCA0087"	"PCA0089"	"PCA0090"	"PCA0092"	"PCA0093"	"PCA0094"	"PCA0095"	"PCA0096"	"PCA0097"	"PCA0099"	"PCA0100"	"PCA0101"	"PCA0103"	"PCA0104"	"PCA0105"	"PCA0107"	"PCA0108"	"PCA0109"	"PCA0110"	"PCA0111"	"PCA0112"	"PCA0113"	"PCA0114"	"PCA0115"	"PCA0117"	"PCA0118"	"PCA0119"	"PCA0120"	"PCA0122"	"PCA0123"	"PCA0124"	"PCA0125"	"PCA0126"	"PCA0127"	"PCA0128"	"PCA0129"	"PCA0130"	"PCA0132"	"PCA0133"	"PCA0134"	"PCA0135"	"PCA0136"	"PCA0141"	"PCA0144"	"PCA0145"	"PCA0146"	"PCA0147"	"PCA0149"	"PCA0150"	"PCA0151"	"PCA0155"	"PCA0156"	"PCA0157"	"PCA0158"	"PCA0159"	"PCA0160"	"PCA0161"	"PCA0162"	"PCA0163"	"PCA0164"	"PCA0165"	"PCA0167"	"PCA0168"	"PCA0169"	"PCA0170"	"PCA0171"	"PCA0172"	"PCA0173"	"PCA0174"	"PCA0175"	"PCA0176"	"PCA0178"	"PCA0179"	"PCA0180"	"PCA0181"	"PCA0182"	"PCA0184"	"PCA0187"	"PCA0188"	"PCA0189"	"PCA0190"	"PCA0193"	"PCA0194"	"PCA0199"	"PCA0200"	"PCA0201"	"PCA0206"	"PCA0207"	"PCA0208"	"PCA0209"	"PCA0210"	"PCA0211"	"PCA0213"	"PCA0215"
"NM_000362 :: TIMP3"	3.11745231648008	3.0614427688643	2.87313877453771	2.95937848588083	2.90909598966617	2.96813068708703	2.94612875032453	3.14690283212822	3.11994521478699	2.92448249217932	2.91635304869996	2.94469061376286	3.39934101808465	2.85739239128115	3.05729386831929	2.88573557682922	2.92919845433548	2.88261273589358	2.81205252791586	2.83939356893569	3.03307489805299	3.05378821007268	2.95667306475316	2.97169893701947	3.02682746245184	2.87905438337053	2.78901310386054	2.99819098909913	2.90598807288843	2.95359277319681	2.97133523107195	2.82910977511336	2.97080355940348	2.81445984564178	2.90758906721007	2.88733627397948	2.84882411172102	3.10840326646919	2.76377400357271	2.79119615119087	2.95779458002495	2.6963796419397	2.66631967376252	2.96785912475574	2.86085687261589	3.00123832069907	2.81828788710609	2.88243239557521	2.83731973824241	3.02517315879267	2.85932461452607	2.61480658658797	2.7771729602727	2.71605202245683	2.67217776706696	2.8192699008818	2.76444700564201	2.67410752496434	2.92766419309754	2.63941328423037	2.89562976560932	2.83253709521594	2.97195911824603	2.85493479027091	2.8927785281819	2.99595661637725	2.90762818697067	3.0129064468124	2.94254543853716	2.85028148611478	2.9394108641257	2.71076726168991	2.66154877467571	2.92670802341725	2.71197462983118	3.0594516432992	2.72843443578948	2.91778805458538	2.62690605039485	2.64766135605567	2.92778563239258	2.59935367052272	2.80284084392941	2.86428918927301	2.88908521273564	2.78576850362025	2.73874176332152	2.99532494920021	2.89021716890575	2.73088036105402	2.74650477876197	2.66609117013796	2.52323439293468	2.92219632125945	2.83551338191165	2.75890745911014	2.6958796903878	2.91749733614547	2.84069222870451	2.76301007513978	2.82451659006185	2.87099562781375	2.9465936838535	2.72006381638592	2.96903574265877	2.82747603831603	2.73227377348311	2.68425388612831	2.69405390037737	2.64121676888389	2.96510252451245	2.82899991331757	2.84674608241565	2.71693529558202	2.7617024226023	2.90347026549391	2.85399711343557	2.62770772155645	2.83350988755908	2.94088247700841	2.99290285208964	2.75717051976274	2.92164276016034	2.86773654101824	2.8626751651978	2.85674374745048	3.0555096343228	2.76941072931293	2.72385525128483	2.50751068777986	2.48722466650636	2.57242241260756	2.74916192698823	2.80793979721516	2.74833322449307	2.4421522765233	2.6593498696808	2.80241303546064	2.51927010283039	2.43848715809239	2.58888951844433	2.71332511056622	2.50200813702754	2.53014409983128	2.577623930206	2.54097582350344	2.64919365206229	2.61746806345749	2.47501523763184	2.55233333113814
"NM_001034 :: RRM2"	2.03428255006213	2.0328716923153	2.08227428521345	2.1078360362623	2.05507464625263	2.10393232460155	2.05327975208443	1.955426503604	2.15266726044733	2.00472496219546	2.01985295318488	2.01258243607388	1.96536326313242	2.1405983634625	2.15109036813223	2.17283699752074	2.08310117894629	2.06372353526123	2.06613404684673	2.05602090114707	2.03586377563766	2.0553538534969	2.24611423623984	2.17583269241288	2.15163459866498	2.10514064152345	2.16275713367533	2.06698480691014	2.16289045613166	2.05069995554485	2.22109356506396	2.11062125070465	1.99523593002631	1.94583195331059	2.13401699345937	2.079947484656	2.15318823727789	2.48512430026769	2.21680438590963	2.07579208409588	1.996149037077	2.04417610264751	2.01675167236324	2.05278805705095	2.07432672356128	2.0103957306329	2.24736028479669	2.03960201963534	2.05143364371644	2.11050861423006	2.14604348831409	1.99699433914639	2.11871218104278	2.11020176607768	2.11050023917717	2.0780833159663	2.077979774469	2.01337992986331	2.040141399664	2.04992323441946	1.99968090140179	2.18896369663281	2.01663666481174	2.04511475158693	2.13229176678813	1.96609530678184	2.07047171984577	2.06151085089904	2.18683960523312	2.00174695302214	2.07043622290232	2.13858382478687	2.17237962876736	2.07166950435689	2.12867301159628	2.09770217442031	2.15269131929333	2.08443671075361	2.10132661866887	2.17137417518626	2.12129294677131	1.9716829233864	2.05526782579586	2.04722654545999	2.05865521445117	2.02287346703216	2.1089591811718	2.02568358530183	2.05860820028885	2.01937744765225	2.27165832068073	2.25315846012128	2.31686979491402	2.01940612448465	2.2503433777371	2.09602698174334	2.33979947460621	2.17013914693044	2.10022901867404	2.05836615893885	2.16148955287175	2.01064495071977	2.11360464135125	2.10221625950167	2.07280594085974	2.15604170547246	2.11732577370514	2.24440488045757	2.3042371954483	2.07615603336287	2.06130877668613	2.05178184862541	2.10028496671471	2.18451615319897	2.07400228752751	2.16247463909323	2.1729762501225	2.08920976390175	2.08944915791221	2.04702107267787	2.15769995046309	2.14278208451581	2.26966921613234	1.93464941604936	2.08736016764308	2.08822953016289	2.07042903864408	2.08542692095917	2.17772135072656	2.20809541906684	2.27087759489262	2.34002612226228	2.27873846366469	2.34391980424136	2.17367104450618	2.11226864262606	2.71663956070791	2.6727589637155	2.26663849836889	2.47919525673145	2.43784395690922	2.12909839601588	2.59730352567647	2.26349365012447	2.26443830849924	2.34368094382491	2.57084759490701	2.09783733203939	2.50004193319157	2.65893827649046
"NM_001071 :: TYMS"	2.35136789421079	2.13033494659259	2.17747264891446	2.25767894099101	2.12232249427502	2.22807186285164	2.27577038305523	2.21129043307178	2.28174854270874	2.15712021543292	2.21342975542086	2.18018297400992	2.1861980375285	2.2539466680457	2.25550692038032	2.17283227932877	2.18374172013777	2.14767962584102	2.14581210606352	2.17391518341432	2.24812318605084	2.16385088012541	2.22603978536921	2.25785156965876	2.27908795162515	2.18842983591333	2.24350867562965	2.26094804488068	2.21776394701153	2.24178377251394	2.29283583418868	2.1924851080804	2.43243010635097	2.20954062108241	2.26385190082024	2.25899932664605	2.34623540732504	2.48321821523244	2.30646972756912	2.30919222003595	2.23879034891244	2.17844458940901	2.16953251289131	2.25055687271985	2.20950716047708	2.23120305964951	2.35615898599688	2.26083927279965	2.25607206613214	2.26332939372924	2.24449569381158	2.17422285961504	2.26423254097871	2.17859453065201	2.29462587933567	2.21680667874939	2.21194100088769	2.1959527902483	2.28079178588192	2.24374910969851	2.24024594689432	2.25770021213936	2.24734105073175	2.25307462080169	2.24741123407982	2.20607190617048	2.26020328512443	2.19214404152677	2.21130342872556	2.20607833828632	2.18547956526641	2.24765918439352	2.16685515080488	2.20133785410751	2.27134321151405	2.26657616123614	2.24283158401825	2.29172367334347	2.22155451247011	2.28914267928628	2.26383381662247	2.1812378154812	2.26630762910569	2.21369196454193	2.27133629321645	2.16019557841822	2.26208682469594	2.18353713681407	2.19230626667245	2.13052232160183	2.32997943838425	2.34801401819961	2.32948409690224	2.24475180140807	2.22449247002892	2.21244613556696	2.41333067102753	2.29627115158241	2.17306158647273	2.1934706262207	2.35160849297849	2.23500503761337	2.29771477203165	2.25766583363728	2.42325812710684	2.32157434323098	2.17373621197695	2.31553387735808	2.41068087018729	2.25480897031666	2.14475971860394	2.19041330712323	2.25441676754702	2.33896585103424	2.27934984832406	2.33811088056292	2.29409819833495	2.18494408557295	2.22873219110864	2.16747287909471	2.33109261420271	2.16183409650122	2.33755354976914	2.19461773318383	2.29016919966509	2.22901489304824	2.24128271891918	2.23938094111882	2.27830473417453	2.28839108160806	2.36984025401997	2.53665987482539	2.30358152695922	2.31480961654732	2.27496176841309	2.28730344298815	2.54190547263545	2.65065358033984	2.34735887447873	2.64962583557778	2.46861583597337	2.29451113139596	2.49020229465959	2.4553312045572	2.3732780079157	2.43863924146263	2.63422799375687	2.21466302785849	3.05096695574932	2.56924231807194
"NM_001077511 :: TCF19"	2.22576818230816	2.22358003346906	2.24914840145351	2.17758422793675	2.23991596471486	2.1630934357796	2.21917858246015	2.31974103742821	2.31612145520397	2.1928612728441	2.23054862390101	2.2323352522458	2.29641329852694	2.30206208647627	2.23381616851911	2.26305700167652	2.22262376530615	2.23274158189883	2.29923829269151	2.18799879265118	2.35007352665055	2.19393511576748	2.24730741719101	2.15559435979	2.18212025622424	2.28077265769717	2.30623655624211	2.17031360736456	2.25642969622252	2.17088937554258	2.238570415183	2.15008434109404	2.1665579242163	2.30920138976882	2.25615496144243	2.23794147889542	2.27083483125365	2.24849430001537	2.28970970830619	2.15304906064576	2.23577803630866	2.2123872571575	2.16940036182122	2.2075076548561	2.260667173379	2.18701192298413	2.27622661153889	2.26565591727647	2.25386848408597	2.29127358472221	2.22326618782984	2.22193579064187	2.15504616851443	2.20210628031047	2.20820420288461	2.14262392879554	2.12945804936385	2.26138830613467	2.17264920951531	2.15734242335326	2.18863354429723	2.32021226381313	2.21888676023735	2.17450664097027	2.26263967742487	2.15766985280806	2.21129841790825	2.21334818299324	2.17356996449618	2.15527333314086	2.21594004868608	2.23969667674102	2.20681282802155	2.17998515744662	2.2993230922367	2.23333386871374	2.18904063175619	2.21381879748374	2.2470589282389	2.23139513357298	2.32710832197577	2.18279845449905	2.2485292626547	2.17745446066603	2.29012353741791	2.21720070644507	2.16144888746066	2.19919457420201	2.18609231976033	2.13441660890205	2.29636872351944	2.2606940070538	2.35372191843287	2.26342981213531	2.29441388131645	2.14163212783071	2.21254197368259	2.24491535505106	2.21931582157076	2.22637599117084	2.21476686519445	2.19251437608244	2.25951219160495	2.20548618449894	2.16816131944451	2.2850128485658	2.24666379130201	2.25146741198183	2.30790876042481	2.22569035317161	2.33625297098499	2.18488828468464	2.14242867137109	2.21047488107485	2.22592954958132	2.24777093311783	2.28796863192838	2.18437968573528	2.16838118860554	2.20807231284655	2.26642031512965	2.14976400188258	2.30608629014276	2.16439438482084	2.24091402650029	2.29782490487623	2.34396476916985	2.22626918615857	2.39151061138945	2.28091375597787	2.33702389799543	2.25135649903929	2.29658475746347	2.29502870312661	2.33266704003471	2.24063812981683	2.40506556690807	2.43176197541306	2.37869423164035	2.36102924107929	2.30990658624766	2.24536207008831	2.32341699924947	2.33531321934488	2.47449956775885	2.262892543845	2.44330568349504	2.22716766962693	2.60278379734071	2.38983733433449
"NM_001112800 :: SLC8A1"	2.4365675431103	2.25356946773549	2.33695777190858	2.36026314934874	2.28029768924853	2.36649486282699	2.43718740288468	2.79191455384625	2.70742508974177	2.24009396891838	2.26439292327405	2.33203974380111	2.74862493980808	2.24790751746051	2.32885097092766	2.35809022947167	2.2167744974349	2.50378802401641	2.16160147731654	2.26405535931079	2.30061194114609	2.65024374098198	2.59025095688147	2.2706586887601	2.49094995256952	2.36368977337019	2.08856845519574	2.30618757566386	2.30903874460079	2.30206982136881	2.28010343961414	2.38121247422044	2.28003639845868	2.26056396826927	2.52243424342877	2.19845374734769	2.15888247713777	2.27957576714315	2.20621437995792	2.3271260137045	2.49827344207981	2.25211093525883	2.00301794093938	2.39782113397806	2.27937328833859	2.59753229655793	2.56812552700254	2.31686385266974	2.23626720815544	2.50941867070563	2.22713275109865	2.15464114993188	2.37184270456425	2.28315379171903	2.10986375096081	2.29791428590668	2.11665304507822	2.02497718253377	2.56762932813352	2.12326858892251	2.35543037930555	2.26835927501305	2.42581998466578	2.30746998692157	2.32896926885519	2.50787896200887	2.43789076731128	2.54908097966577	2.52539970064345	2.35679665581921	2.39311614465679	2.19502035204412	2.02118074724794	2.41100390111847	2.33220473270516	2.41428744174811	2.04027801242382	2.26801487817802	2.14025962494561	2.06283215304976	2.3913128055578	2.1438302757324	2.19947259255009	2.20331200348696	2.38522180315129	2.24143093686359	2.18827530585572	2.50131748461015	2.23243223329832	2.11471967674551	2.2620347774182	2.13732400955002	2.09094497476757	2.25402801317177	2.26853806638305	2.10061805947802	2.03359791970437	2.17681086403245	2.21095530424087	2.12762592634231	2.32743667157949	2.1532954771927	2.41030690005794	2.14939541575314	2.28077189394091	2.28249024116016	1.92884162008072	2.01324866389476	2.11065684648897	2.22102632674041	2.37310321167069	2.25731182211372	2.20273168635026	2.15630298393038	2.14011245059886	2.18187850807452	2.2307557121602	2.03155324357463	2.09287112423103	2.22116401870157	2.31911193917146	2.04808237873629	2.10211234366327	2.3408355857244	2.26464156457861	2.19289004798037	2.58300456334949	2.33145343223536	2.10823952758346	1.90545930570885	1.98093055060642	2.25022312660544	2.05431065816954	1.90985215962814	1.89326482272534	1.7773644606456	1.93568714409604	1.94278262267238	2.01245643455814	1.99530486654643	1.92431951838906	2.07182278319256	1.77992570338945	1.98171916602808	2.06810491652394	1.96355968278803	1.80192531797165	1.8347651222746	1.8532167217711	1.7058160892749
"NM_001112801 :: SLC8A1"	2.46985395826387	2.25553039542359	2.36152996632692	2.40108152165821	2.30320670633943	2.3730337956054	2.48793476133376	2.84670175439699	2.75280893791329	2.25316093879569	2.25841001947362	2.35467249492965	2.80402627291198	2.23448393193319	2.36502789221256	2.37039089293271	2.21829442924849	2.50191492842182	2.17785939821924	2.27507282943429	2.33111135012268	2.70551052160257	2.63590339523284	2.30128131089239	2.50632902506061	2.37581222434482	2.07581515291146	2.3284971589217	2.32069808485315	2.32190999669892	2.30607165041727	2.40827377107071	2.28294433894513	2.29419676452521	2.57142654111239	2.21451779987981	2.17392530664149	2.31877716885596	2.21445252850709	2.3692197371906	2.52954214973532	2.28683156185313	2.00977830654633	2.44947901125445	2.3179272091923	2.62388257218025	2.61052162771792	2.32717403047844	2.23253559381856	2.53042303652066	2.26006516165391	2.14595584654584	2.39381787743762	2.29584607444938	2.09260033379345	2.31620679729299	2.1068031882973	2.01120053991371	2.60905748512251	2.1211618129434	2.38501207257924	2.23677815063216	2.46211313456451	2.32369903012282	2.33742251522894	2.54769112071966	2.47210921759489	2.60171227609321	2.55616040612616	2.38472936852325	2.4110306509126	2.18811986135679	2.02167899643507	2.44639831372752	2.32845037695788	2.42601587945117	2.0132508814462	2.27815101553159	2.12394370895919	2.04639037310802	2.414693198536	2.15502200789772	2.20767664871993	2.20305632103393	2.41065023745128	2.2675640015003	2.2097533914755	2.56080715568461	2.24923445799335	2.11393616470957	2.27710906577673	2.1341505314151	2.08772378674471	2.26414633987223	2.26417898288977	2.09251441528543	2.02510961114973	2.14412149614434	2.23510836617678	2.11019505617098	2.354069849472	2.16196998452197	2.4439218250025	2.13105264817944	2.25295975019719	2.29337476270503	1.90037079630824	2.02584664481257	2.06289519591446	2.20901862030897	2.37191504125396	2.27980866639369	2.23653286409507	2.15030670812682	2.13976550342887	2.17367028927026	2.20870247093533	1.98643896838352	2.07553470997825	2.22434555104059	2.33064465931645	2.05119937881451	2.10231478373879	2.38344649049236	2.28022748018749	2.18444785982221	2.5977884532513	2.36827942081026	2.0854763450394	1.84165204952853	1.92339168909564	2.2610696498281	2.00417313106875	1.84006116007645	1.80916719431999	1.73200637904031	1.8803229314298	1.93555994652095	1.96977993555124	1.92931222099983	1.87612947122569	2.03521050958844	1.73229416220703	1.93887300102653	2.01834423147546	1.90488177784243	1.76144396676883	1.8112743126564	1.82300068168438	1.65748803695861
"NM_001112802 :: SLC8A1"	2.50027035316428	2.30332877111376	2.43117611132919	2.44012920410602	2.37950632308827	2.43272855610932	2.52986373182741	2.87870317087064	2.80088875416596	2.30552878074898	2.32604011709869	2.40668028233586	2.83842753647655	2.31407990168471	2.4048196279022	2.41911163589473	2.28481794543221	2.5537483223639	2.26095433124137	2.32328235262099	2.40184239239329	2.74196529604726	2.68459552485927	2.34640714970358	2.55431444331737	2.44294865557746	2.15452713844811	2.37626839461907	2.37240301307575	2.37390172254835	2.36931303971845	2.45363463158631	2.33306582725765	2.37321529813894	2.62243352201563	2.26223905254865	2.24913764785436	2.37684926688405	2.27560575218874	2.40625518618012	2.56370217618917	2.33590251089722	2.08504361178384	2.50818844301046	2.4024977836038	2.65268590827914	2.65642614172889	2.41009739583851	2.31977255094235	2.59273677667192	2.32517079466326	2.21899607647127	2.42475506110456	2.3720657274499	2.14709957423813	2.37145038486694	2.16261716255392	2.07842269805604	2.63517803908895	2.18499005423117	2.43401257817163	2.30673429933931	2.52151991534807	2.37157864376818	2.40510939823428	2.5945720272717	2.53475792578485	2.64360295853329	2.59533970677145	2.43844089487221	2.46312633569234	2.25773561292841	2.08314452072319	2.49864122129407	2.4056135965418	2.47353561590619	2.07801014735441	2.35101903122622	2.19057259063499	2.12169777809571	2.49130089396038	2.2132637564252	2.29630257260803	2.2733221384057	2.48551789681406	2.34472192968455	2.26576021953661	2.61811244383836	2.31392737217785	2.17596259156703	2.3527408431526	2.21480743948558	2.15250221627186	2.33567082460204	2.33778152447358	2.16051816293664	2.08317043069188	2.22583851208728	2.28391829126822	2.17840341570209	2.40855056349652	2.23732582717328	2.49574999512423	2.19376722040067	2.30301574444399	2.34600994648319	1.99409477876411	2.10459154391603	2.1476763242411	2.28436153412986	2.43221337291942	2.34150691528861	2.29871529021176	2.21689882479814	2.22733232626452	2.24968797972817	2.26792273779984	2.07584172644558	2.15309042703389	2.28788759667322	2.41043312071854	2.10088056233017	2.18551713393528	2.41731353331313	2.35029981676564	2.268686086792	2.63855783519301	2.43270766102429	2.16760841100692	1.92144323924516	2.0201867690496	2.31021160527061	2.07646880709642	1.9278786221031	1.89747775273061	1.81030364264425	1.98786596408578	2.00152767186192	2.06505436360784	1.99161411151416	1.96181461329684	2.12244742972154	1.79892122778398	2.01646672822073	2.09884066368256	1.93796370239011	1.85073087062006	1.88570409098694	1.90714491090286	1.72263733633052
"NM_001159 :: AOX1"	2.31160148239703	2.03796973867662	2.25222465879579	2.29560843585511	2.52668834617704	2.124004927355	2.65814519387105	2.5470263392797	2.495994684562	2.3671374943	2.27675500278809	2.51588010680812	2.84293752334585	2.13517483757728	2.32079193556454	2.50217451931157	2.21972767844035	2.44381551459718	2.20252442625737	2.06215872377355	2.30249278291423	2.35445245703581	2.25774578966363	2.30987097212674	2.13730082315654	2.19410917664818	1.93038532466397	2.14113420358318	2.26134517865504	2.18329291739765	2.24736639602691	2.34963662015367	2.06902891312922	2.79838161276658	2.20149130647115	2.10085308723251	2.07478719357136	2.09445341236508	2.08303966122057	2.05818104732517	2.37079895623154	2.54876594249785	2.00232932747949	2.35555366677303	2.26384280467117	2.2628871175199	2.65588421897724	2.27055879083095	2.40123494420472	2.35502490319369	2.15517575962963	2.01866352915296	2.19214689407973	2.12450550840328	2.00029118370327	2.54265176607868	2.16881389946097	2.12382373772171	2.38369675182957	2.02019088082054	2.48473182267119	2.28427520838335	2.3592073915362	2.13648605028792	2.22170460588012	2.42245924755973	2.25616693880043	2.48369483598387	2.50720212481657	2.57903712567318	2.37816504071145	2.41127980781469	2.02936454713001	2.27239889294083	2.15484973759991	2.27875837920381	1.98659837790245	2.25330745141274	2.08994400852101	1.97465651669375	2.2790475224731	2.0437765107798	2.01454162995251	2.43157783091888	2.25539983159498	2.2100104743143	2.07952330309998	2.39580794959118	2.13976478293466	2.03145118194479	2.17334265960169	2.23782878139757	2.06573608038154	2.15431319330949	2.14874901293942	1.91610391206847	2.01613403032137	1.96445600840645	2.06974630200792	2.13100202174205	2.30829724010298	2.43021266063514	2.70001654672466	2.07630687551423	2.28626439376164	2.20870517579347	2.04841247389687	1.89161512644316	2.1685140547224	2.06226016361874	2.45532019532524	2.13841444791496	2.10852234478658	2.0585562587761	2.12486455972669	2.07738495719564	2.2155062254941	1.98291986496429	2.06692334903184	2.48800357427549	2.37092410724905	1.93112707167947	1.94865429213433	2.10725663954106	2.04537407981217	2.26581793083513	2.52028782290171	2.15849192565703	2.07225800008712	1.94783226188058	2.04871693636704	1.76074104009073	1.95652133317676	1.893406596005	1.84396237828352	1.78649426486084	1.9501642059398	1.90178590469391	2.05619424270389	2.00326235323266	1.96751053456855	1.96960499118437	1.83910501178789	1.94724365696076	2.0938317123286	1.7926547048008	1.73634923050096	1.99749527973154	1.91406741537915	1.64795141387288
"NM_001613 :: ACTA2"	3.8838610562903	3.59942125446339	3.69690380992064	3.78081892776043	3.73174634397153	3.86149964014664	3.8523213382389	4.00864665568183	3.8834375663396	3.66740976390677	3.59487435041847	3.76668647529361	4.03170141951126	3.67223779357135	3.70731018189035	3.76405804281656	3.64746391708842	3.84483979796255	3.62359798554407	3.63307444108215	3.74390212413093	3.91196860330475	3.94528610972919	3.76814011209036	3.88231493086605	3.71066138872603	3.46429352798184	3.73212000111919	3.78258602181923	3.75606923573393	3.81189006581823	3.73189521637035	3.69013561769342	3.92102368919479	3.77848723208416	3.71381416960811	3.57495285397438	3.64119025724253	3.48526699693135	3.7783200156392	3.81242616602671	3.61759707358913	3.49460464384974	3.84837668000465	3.81203314289749	3.88222291087123	3.842695486187	3.84736552200627	3.76221387555229	3.89073233475546	3.73258735690161	3.59003147301545	3.76604591194438	3.67915635106764	3.44619755973817	3.6664593407719	3.51981280991179	3.41945761074464	3.89764282086654	3.50539212063213	3.80949273864232	3.62625072232214	3.86015603744108	3.69971792417074	3.72871159616205	3.85323360416951	3.78797706249865	3.89735200004546	3.82121917041484	3.65010666217337	3.79845145418644	3.56232194155297	3.17468211293355	3.80983316671922	3.6834939774811	3.82533542107596	3.46541770887458	3.80599995257599	3.56495343177747	3.36734836696815	3.71546311663849	3.62016971848879	3.55482359165511	3.6115922427012	3.79426674212268	3.7567930621125	3.60470152498699	3.89538998071824	3.56235717422703	3.63089231636788	3.7606644785551	3.62193066376818	3.49817966407854	3.69799012551503	3.62353406139582	3.3726389825405	3.59139735597529	3.54042968653606	3.64211634498908	3.57550826680279	3.7286761488326	3.71610112392077	3.86845518072494	3.61436468622847	3.6709576117108	3.66720844749692	3.00090306306861	3.40095532776601	3.46768551605696	3.60458147376696	3.86903577993138	3.79256280699129	3.67563479863182	3.59061843112475	3.66011007140035	3.58918027875378	3.7411555244059	3.42651078482981	3.57709900668502	3.76114821168121	3.82725205740608	3.49503001301111	3.59024905022522	3.75971685494776	3.72643623822453	3.7153649067027	3.89040136820786	3.74926617570192	3.4109138347957	3.03951902188607	2.75335953653706	3.08953225544479	3.13718139362265	3.11736246286893	3.11583120700141	3.07446769039719	2.9698723817426	2.95777012841408	2.49806699765253	2.5430439996445	2.85829357111279	2.86693165381423	3.11861444839738	2.82500960796741	2.48262749365641	2.52489285841488	3.00342765979458	2.92726971162737	2.97188794380648	2.88757070416615
"NM_002380 :: MATN2"	2.98215613222467	2.75978275562217	2.76482701058062	2.66357670888496	2.68548325717946	2.61103899275712	2.79562521872167	2.98119716383538	3.08566757086084	2.69860734005513	2.83131096728609	2.83751414998909	3.15126182498931	2.63923514501873	2.91131867128507	2.75480818863909	2.69561926784006	2.85764605211901	2.52436240232837	2.61305230492146	2.72833708462168	2.88898863334577	2.88675206979042	2.73456256656143	2.85983422333584	2.64358835424295	2.38332454064265	2.80762085842555	2.85786044244055	2.81161652370088	2.71306627148765	2.70340594773098	2.620137548784	2.46612097674788	2.8351958235066	2.59405838351487	2.59440779345228	2.63463945060188	2.50725336111679	2.59924623201685	2.72581226863631	2.51108288015231	2.47140744089729	2.68510230718545	2.5653057389614	2.89921766231605	2.64142835588607	2.59136597122505	2.53778371224027	2.73364540290275	2.69071106974034	2.48556902647605	2.60357465402436	2.62375991698111	2.66729008814732	2.65455400299248	2.56093101942895	2.48171640650789	2.82758356585518	2.48278934522351	2.69458605439993	2.57863662218314	2.77661296534543	2.63107396579207	2.64370538554739	2.75433951543349	2.66915542322	2.74888824714888	2.73501193327112	2.66405138664574	2.76508181681102	2.53487888636194	2.57030741057847	2.69298825025756	2.65073797812422	2.82393308715408	2.53887744065341	2.56587605371972	2.46500564046726	2.46637469523134	2.7237142034286	2.38331127183691	2.49664303905032	2.54465671163375	2.55643814506577	2.5488767726636	2.61401950006686	2.73804901062862	2.60958249057672	2.56002954131612	2.61176630721881	2.49232356718806	2.38765853629775	2.8407876991586	2.68012655960797	2.67991132896885	2.47576515028438	2.56169378744601	2.62097844711611	2.64160623319028	2.64023182119757	2.64446052800559	2.80068062930951	2.57403572091979	2.68637681906374	2.68138446325301	2.54991100904609	2.32084683072898	2.43081343966172	2.60668297694851	2.82668909843905	2.67724151711418	2.73391584432172	2.59872713850615	2.57798323784011	2.73171631557996	2.49340601201206	2.51244128552828	2.66989290297118	2.73524797567794	2.65905188345747	2.65639711006021	2.44277263740358	2.66774181413028	2.521050888515	2.61397208119056	2.79350233200788	2.60244857911528	2.58957053244193	2.40917437472417	2.32269770755393	2.74066895687983	2.58529108452226	2.28416437499064	2.26100421918956	2.25766403958323	2.13687416584426	2.3269591773326	2.30413857928074	2.40233320848791	2.43720929433135	2.44731581537287	2.41796663508142	2.28926835255423	2.54170764792938	2.05602183311935	2.60023351874999	2.18985824335396	2.29389106238842	2.58994374107559
"NM_003504 :: CDC45"	1.97222867368358	1.95684817964756	2.09474188500793	1.96267280534994	1.92844751952964	2.02915022830309	1.8898622677987	1.83536810839337	2.00192301080203	1.96171916190011	2.01583468764695	1.90889956914409	1.79775350426279	2.08115840270118	1.98178198888553	1.98924827792788	1.9882531656225	1.99984019826528	2.02726226824307	1.98783931830216	2.08718357053451	1.85051074302915	1.92308632258602	1.96936128752588	1.98575188807854	2.09045371232224	2.07656248697154	1.99758514980899	1.93704345655068	1.92907025467358	2.01953896382232	1.88234886162098	1.99916285739363	2.05470917938256	1.96137336394207	1.95595257308217	2.19359667167257	2.1392834659496	2.06561448271053	1.89809654393608	1.98648115060863	1.88528245051565	1.96931484888577	1.97219101876236	2.05137324213658	1.91367729442962	1.986791101876	2.05790194145881	2.01934097305559	2.09414994292694	1.97455151500519	1.95731356975768	1.97643238992007	1.96226571529985	1.98722352263876	1.92006890659344	1.92852791508461	2.12825732138724	1.9582098061438	1.97195551314665	1.91122647329563	2.0899262574457	1.93165605547939	1.98417574424853	2.04724280195959	1.86708691361225	2.01826221003321	1.96651485870417	1.98085759732248	1.92677714075463	1.91630974133591	2.02158962615145	1.98562333542668	1.93778390824075	2.08605630374006	2.0763632958072	2.04051458941607	2.05496252185912	2.03638374392613	2.04826410591997	2.04289977450381	1.9828023987864	2.07659729228634	1.99178358672782	2.10089513971158	1.98412099958528	1.98321132508798	1.96083449718189	2.0267676767888	1.95391737965585	2.11768029574649	2.1393014979192	2.18275603829987	1.96695427848756	2.05726789512921	1.94500478408714	2.1031567080285	2.06211248943441	1.96440433096743	2.02092667186041	2.02109856543684	2.00417214655224	1.88934505249239	2.06130213037127	2.02732213520929	2.10870350400173	2.06455355327751	2.04155007344528	2.12876820150171	2.03149448094592	1.99055191740468	1.96833210904061	1.92062445224744	2.03627717279929	2.04316027833112	2.06794615437315	2.14887682772541	2.0392103348543	1.96370559672195	1.96556395659841	1.99708117734267	1.99471791978949	2.02375586797345	1.92526158473126	2.02634565354906	2.04347135177592	2.02726438426406	1.99029533114759	2.2159127206961	2.06918968165112	2.19755429574804	2.14589257817871	2.10694416886075	2.13167472920223	2.11526964321923	2.07854197911971	2.18616398100018	2.26078205930939	2.19604533332835	2.30140358689654	2.11244801599294	2.0946495679625	2.09289996505083	2.1121780580417	2.31297013130669	2.10023214900865	2.17060362256669	1.93865156947717	2.26518171276852	2.25465916610979
"NM_003537 :: HIST1H3B"	1.87380831641217	2.10249572419659	1.80967461547503	1.96125723977823	1.78066381197703	2.01358887741084	2.07946444972622	1.93351734687407	2.2116579907377	1.91672768999493	1.95312039420007	1.91411886126792	2.09132434798601	1.9627660258024	2.1365634785655	2.06063113496905	1.94625023532355	1.85548937560213	1.89540491634914	1.85148084978888	1.8243166281714	1.82798465664721	2.29575214140876	2.15758074599021	1.98770555357488	1.82272432495756	2.11308703872654	2.183307821236	2.18188500351927	2.11489600629363	2.13049307718665	2.0100170020362	1.81550814099803	1.86212875771079	2.15607936442623	2.23668071356644	1.97392670625388	2.66927345648488	1.97232537464763	1.99382475089981	1.52776065740462	1.84409462437663	1.80812529004949	1.89455867638642	1.86254637597375	2.08896840210666	2.64796839115643	2.00667393714348	1.74125037636553	1.8888516159887	2.13559293411486	1.70138880031556	1.88637512793234	1.9298361361855	1.86119252628221	2.11881633372037	1.95876796864798	1.73419673763856	1.75667488668714	1.88987123438079	1.84813671034872	1.74968036732124	1.71877411345824	1.68142046934555	1.76457784932328	1.73331323713273	1.78679162508486	1.81812070799743	2.05188935766144	1.92195261699805	1.72169344197057	1.88683935324382	2.0618643193384	1.84658930126916	1.88786498818376	1.76004319195211	1.93198308832546	1.80553226435878	1.82449544650899	1.91717763527827	1.80027311219816	1.71962343219285	1.80706385632563	1.71696072156667	1.84089406509139	1.97382525835793	1.91611006183783	1.80831326930775	1.79502455571153	1.81580796380376	2.20205705284701	2.24419755405933	2.02242218486207	1.73910043807951	2.48686851365442	2.01516582681445	2.43752950010605	2.02477930886922	2.12056268556808	1.96391253028662	2.07026830557872	1.87732068386894	2.19889252645576	1.82152454295936	2.17526570238628	1.88683440859623	2.15263270849402	2.15812008577394	2.04804610129885	1.68570276165841	1.69602469503353	2.16633694909157	1.93861649785429	1.87008260955183	1.95659424330402	1.83440937101301	1.78356594408242	1.93817769151893	2.10797784480785	1.9336207457721	2.00514074983622	2.11625914954093	2.08642484457088	1.88146431919504	1.81222796098002	1.81775906718926	1.94906062621498	1.93435710771449	1.96334075597821	2.16936303285099	2.07760571206761	2.70361089577359	2.03192667955299	2.34794258516806	2.35191933938596	2.18232746763429	2.41984300253109	2.79239121920841	2.14004045280526	2.41338127384466	2.56122028580262	1.84867814437419	2.49902624805419	2.53037880010963	2.09004258247425	2.32341133473463	2.51997848232716	2.20652847339667	2.80772346928648	2.89982881506877
"NM_003686 :: EXO1"	1.70994083396341	1.76696163452817	1.82194916988315	1.69858713746536	1.71625413411955	1.72441660394626	1.67035967623828	1.56884704472581	1.75182674504217	1.71840486712757	1.70670793314812	1.63900241701778	1.60105312413783	1.83152254302388	1.69009903378523	1.7756363434442	1.72769205277414	1.72894755905353	1.72426236570684	1.68090324222667	1.72935473106758	1.64507423001083	1.7456333189018	1.67867593511514	1.78602831977109	1.81951893368336	1.78020134950109	1.71850507194723	1.7200627937381	1.68066007110979	1.76428819766836	1.69642862426512	1.66913933238701	1.70983175009416	1.77647292024087	1.68832074128134	1.87548958568304	2.02651709929972	1.95284044596263	1.66525707268082	1.7433462288211	1.74152365917532	1.72339304481163	1.77437878315622	1.73971802529235	1.61343332332347	1.82440485508168	1.85120780470091	1.74509927194138	1.80873569377865	1.79823425285992	1.69976260893505	1.74541191873698	1.76128281660337	1.73842064506838	1.72524997988243	1.70995601823004	1.82442798871672	1.66674676652405	1.7067771591632	1.61913042960842	1.90086768505273	1.65729146391275	1.69543600121993	1.82812668156006	1.63784277651159	1.75267733376069	1.73193626920027	1.78399108682767	1.6750029284768	1.73857111658118	1.81526023453214	1.79420455440499	1.71607559531809	1.82386433906173	1.77244289771039	1.7765651856965	1.72952029726036	1.79266071334414	1.79558674836643	1.86891566721344	1.73238624323971	1.76137199470768	1.80502039262064	1.81197840435739	1.76873789266962	1.77300830881961	1.74450865902245	1.74445990480843	1.74671651556653	1.91404488064516	1.88039406973074	1.98108874130238	1.73276350711644	1.83723019246143	1.73735963406951	1.76429991401346	1.83943919585531	1.73462435459146	1.78097668425018	1.81794025276344	1.68704914396957	1.693469090903	1.80590500385706	1.83548775349394	1.87531874898061	1.78497034489289	1.76599561742635	1.97227861616875	1.81818819571353	1.71637966606656	1.69718169499411	1.73776087761906	1.77136842702542	1.79031274442596	1.87860579706842	1.86866399555665	1.76887074487228	1.73799635783967	1.70361295446905	1.84562327547652	1.67422309770336	1.86247320806599	1.68994750360756	1.80392859249679	1.84011584303294	1.77153493418002	1.80035639140098	1.93597176260021	1.88775434719244	1.96460521632336	1.92292024404029	1.86572071563627	1.94706594291595	1.86094395941707	1.71805404734846	2.05534346923287	2.17533811025645	1.9320218770929	2.03751576828243	1.94155787846324	1.82028199630603	1.91737706510691	1.90260911162175	2.10997611751919	1.88956874487732	1.98659875379915	1.74998835001417	2.27311665155061	2.15222221127211
"NM_005030 :: PLK1"	2.18736091651892	2.14681190421546	2.28651778566342	2.07923983412199	2.06686850103972	2.20457686773803	2.0412919158666	2.04243212021521	2.1543924772206	2.13159050194962	2.10171664408839	2.08623235455219	1.97371121994758	2.3002931325466	2.12631296465993	2.16549592698354	2.17374651704825	2.20471975002834	2.15723793150561	2.18864581955814	2.16753799195775	2.0088933739837	2.21079516784734	2.14843380782202	2.23227722401431	2.20640435473136	2.27453759667597	2.2198718140075	2.15250338238742	2.08753235926121	2.24051295166289	2.00349318500377	2.17159595063825	2.18063416978211	2.13848570408541	2.21923942741728	2.27074890054716	2.38043746066172	2.19882838551062	2.15914958622614	2.12390689406832	2.03288468612683	2.08658239635762	2.10012402102093	2.16920488754065	2.13773550694917	2.18289954061406	2.19602955218227	2.23193436932835	2.16680677054408	2.18493845819012	2.18310659798642	2.10651631919535	2.12797367243433	2.2022176560966	2.06761495815691	2.03599838560848	2.24199942829837	2.11987956971492	2.18772025379124	2.04318940687481	2.2174094364373	2.08697715144898	2.13961143456879	2.2342064692553	2.04096561845373	2.17196620204875	2.08676583157312	2.14936384433984	2.07226781936431	2.16159974156577	2.18380213888083	2.1482731756226	2.08527766202459	2.29905919114781	2.2292322910639	2.21828589050781	2.20597091770971	2.20982959214663	2.22184116848196	2.23441321162368	2.1288139167726	2.18380088024275	2.16831089475777	2.24512505254128	2.09540923416563	2.12916007343842	2.07519309050758	2.16771259944014	2.11754240427859	2.23394827983454	2.26741821151834	2.29858945592527	2.18844215987332	2.23348037234382	2.12234444432087	2.26806406891631	2.29924008932276	2.13268257300748	2.27002244627784	2.21986785970638	2.21303160014147	2.03306704995783	2.26598951016823	2.28225486636714	2.29074249088276	2.31032412814369	2.13587228176291	2.39155416446627	2.23006560582795	2.17994518046605	2.18386810377149	2.09590427830972	2.22346299184162	2.27674137247618	2.35247591294352	2.29671395145888	2.27638115299109	2.18515488674432	2.16336802213349	2.18604581996794	2.14533085684634	2.17028678907937	2.13135011241313	2.25387332251943	2.23841459645962	2.21386731718756	2.15164759162438	2.32010325728906	2.29064415558489	2.39285701348822	2.23015798504614	2.30191433680558	2.31929379417586	2.33009293594613	2.2715223393092	2.48078338432885	2.46908498409648	2.3180751547333	2.49278484999538	2.31196473629763	2.29557468297771	2.35338651434771	2.40338993651091	2.40554324873831	2.4052162071585	2.52941934087995	2.14441798636618	2.48474397765843	2.3464348167712
"NM_006027 :: EXO1"	1.70994083396341	1.76696163452817	1.82194916988315	1.69858713746536	1.71625413411955	1.72441660394626	1.67035967623828	1.56884704472581	1.75182674504217	1.71840486712757	1.70670793314812	1.63900241701778	1.60105312413783	1.83152254302388	1.69009903378523	1.7756363434442	1.72769205277414	1.72894755905353	1.72426236570684	1.68090324222667	1.72935473106758	1.64507423001083	1.7456333189018	1.67867593511514	1.78602831977109	1.81951893368336	1.78020134950109	1.71850507194723	1.7200627937381	1.68066007110979	1.76428819766836	1.69642862426512	1.66913933238701	1.70983175009416	1.77647292024087	1.68832074128134	1.87548958568304	2.02651709929972	1.95284044596263	1.66525707268082	1.7433462288211	1.74152365917532	1.72339304481163	1.77437878315622	1.73971802529235	1.61343332332347	1.82440485508168	1.85120780470091	1.74509927194138	1.80873569377865	1.79823425285992	1.69976260893505	1.74541191873698	1.76128281660337	1.73842064506838	1.72524997988243	1.70995601823004	1.82442798871672	1.66674676652405	1.7067771591632	1.61913042960842	1.90086768505273	1.65729146391275	1.69543600121993	1.82812668156006	1.63784277651159	1.75267733376069	1.73193626920027	1.78399108682767	1.6750029284768	1.73857111658118	1.81526023453214	1.79420455440499	1.71607559531809	1.82386433906173	1.77244289771039	1.7765651856965	1.72952029726036	1.79266071334414	1.79558674836643	1.86891566721344	1.73238624323971	1.76137199470768	1.80502039262064	1.81197840435739	1.76873789266962	1.77300830881961	1.74450865902245	1.74445990480843	1.74671651556653	1.91404488064516	1.88039406973074	1.98108874130238	1.73276350711644	1.83723019246143	1.73735963406951	1.76429991401346	1.83943919585531	1.73462435459146	1.78097668425018	1.81794025276344	1.68704914396957	1.693469090903	1.80590500385706	1.83548775349394	1.87531874898061	1.78497034489289	1.76599561742635	1.97227861616875	1.81818819571353	1.71637966606656	1.69718169499411	1.73776087761906	1.77136842702542	1.79031274442596	1.87860579706842	1.86866399555665	1.76887074487228	1.73799635783967	1.70361295446905	1.84562327547652	1.67422309770336	1.86247320806599	1.68994750360756	1.80392859249679	1.84011584303294	1.77153493418002	1.80035639140098	1.93597176260021	1.88775434719244	1.96460521632336	1.92292024404029	1.86572071563627	1.94706594291595	1.86094395941707	1.71805404734846	2.05534346923287	2.17533811025645	1.9320218770929	2.03751576828243	1.94155787846324	1.82028199630603	1.91737706510691	1.90260911162175	2.10997611751919	1.88956874487732	1.98659875379915	1.74998835001417	2.27311665155061	2.15222221127211
"NM_006342 :: TACC3"	2.01933612433378	2.07710397278343	2.09359891610535	1.93893856186208	1.98628377500284	2.06189595533838	1.94943855088393	1.89878343836804	2.17306870449296	1.95166803661054	1.99563596437758	1.95549398120737	1.88387582226773	2.14393889971038	1.99382001206995	1.98590795614603	2.01441747774499	2.03351057026453	2.07903283541913	2.00173061720743	2.07812729978924	1.92940703627857	2.07565289386709	1.94184060864591	2.13339138811628	2.10453666888057	2.08127748442946	2.04149788805128	2.03416578389571	2.03227690927722	2.02557557385259	1.96360317387144	1.99265514620739	2.09390781533925	2.02874385045947	2.0030879562564	2.10636863785246	2.18465994151044	2.0891491864145	1.91376188540307	1.95983606383496	1.85308987373938	1.96769217818005	1.96342846249911	2.02691566180489	1.99555877877201	2.09888441552752	2.07118031886247	2.06523779528548	2.06393552833025	1.94046566376606	2.01086614066171	1.93724415533178	2.07031077712725	1.97214961577488	1.92497682823811	1.89834450047384	2.03482863431457	1.92276249369877	1.99470732118107	1.82640819106573	2.15086999398278	1.88529608605117	1.88676556465426	2.13939025238236	1.86816690230512	2.02828618159381	1.97178154921434	1.97190267026585	1.94273431158958	1.96714140840424	2.04715741139135	2.04199332109798	1.94786323473043	2.12834934784054	2.06269551443376	2.03187511060153	2.04974938047769	2.06108582506459	2.07222565101213	2.15280679252761	1.93741613640505	2.0637496001691	2.03530185555803	2.10640626959628	1.93965397681357	1.96228523138353	1.97530921279256	2.00131544832813	2.00704926657659	2.14253545097425	2.14569177267218	2.17782041316016	1.97705902114786	2.07462424300644	1.94241221378875	2.04995297611683	2.14231589659103	2.06330940555947	2.09189151344092	2.12629557435378	1.96179612529755	1.97011232749421	2.10860499950503	2.02172328071328	2.1606056161673	2.15232567690739	1.99254186851615	2.23620150928726	2.11364810414135	2.03718871892532	2.0431887169319	1.98361336362465	2.06630934380515	2.11395742130186	2.19701612059417	2.13498076654172	2.07967116011728	1.98333494706822	1.96702799620985	2.04818004282545	2.01845389744885	2.06392011362129	1.91333795664233	2.06863206407146	2.11465861116607	2.08173221187346	2.03192033767187	2.17811724509095	2.0966280966408	2.25164464302125	2.07604007224699	2.19417622192065	2.1821087101121	2.19933379406749	2.03171559293408	2.23160862224849	2.27429836420544	2.19101240028502	2.2878678563394	2.24555856356406	2.13518381800003	2.10515629902293	2.27221828524885	2.27535490999678	2.20327963643364	2.21916710056872	1.9425295535752	2.21811419813745	2.21602448050448
"NM_006397 :: RNASEH2A"	2.25254964676783	2.32706494766908	2.35968932071743	2.26189908447106	2.30404444870313	2.36062272190186	2.27169951445558	2.22773469276238	2.3672498507065	2.32065818265767	2.34086793290244	2.30480211261594	2.20776763082285	2.3828909289075	2.32021619489272	2.36663559006968	2.38314340289004	2.30375380163195	2.25442488287798	2.37320264285329	2.31240383603118	2.29508745694679	2.32303709282876	2.37104730458113	2.39962513977377	2.41095569588746	2.40086346368372	2.39949882830768	2.30830880734201	2.35794304323813	2.35765023699776	2.26021609772693	2.33186429144063	2.28396237055857	2.32470401084089	2.30019540929378	2.40786844634691	2.36542142607367	2.33117413738685	2.23788120604085	2.29908818119013	2.26039197800152	2.2982001949908	2.25355250264889	2.2945645070842	2.19117078152607	2.35778289794454	2.39600244102696	2.37598211406592	2.36199556295401	2.34450365574178	2.3216183957538	2.33567152825908	2.35092688320436	2.35796684632807	2.30291223181692	2.30722115059738	2.43800206682769	2.35925720513961	2.35306660574199	2.27417416923392	2.39479165260653	2.33174674870366	2.34013257341316	2.41452228697616	2.26255305093552	2.31867702783725	2.29817584834043	2.33869952001052	2.24711445206759	2.30293611646093	2.39066391596746	2.41913526551697	2.30588892346927	2.39762971022235	2.42282405412862	2.42080883600746	2.42676528915136	2.42349252119292	2.4495109787899	2.39438909573598	2.38669331749315	2.41943088055225	2.32994543293063	2.44828095831223	2.42449676250566	2.36807787021739	2.37637248025735	2.37492807146628	2.37042046252827	2.47934177816884	2.48587156485974	2.51229512887112	2.38049604582184	2.3708659091767	2.35532588784631	2.41876148409845	2.44005723058456	2.35297518518279	2.42301935309021	2.3281531128979	2.39055778088884	2.33689593734864	2.43399135444384	2.41324321505064	2.46514004270456	2.36242631582641	2.33984432272154	2.43819674821262	2.35838979475882	2.40333936023426	2.39129119241479	2.25327124398066	2.35989992254215	2.42132661688991	2.39723912235548	2.46178465382025	2.44609293434282	2.32792317172996	2.33668507845869	2.30043931123792	2.39804080397598	2.26299111028232	2.31207926085459	2.36454547059346	2.36425923194738	2.39015395020924	2.35663244314591	2.47193801532005	2.41038176106404	2.46779934904564	2.40339805120366	2.45253903801222	2.44909465169277	2.41282687971399	2.473090517191	2.49983318334899	2.52581339014169	2.42922975361689	2.64978091387549	2.38611000054647	2.42680363597601	2.43164101982156	2.47361445336325	2.58868078577342	2.44447246729456	2.55017989065187	2.36600094524332	2.68749730922931	2.50920822586205
"NM_007019 :: UBE2C"	1.92895351349088	1.97967923097078	1.99073720880641	1.90234341560173	1.9158998350405	2.04848955780423	1.88798739403015	1.82057774122437	2.06003049814601	1.9022988128416	1.99612994861225	1.87206967085952	1.81699069642287	2.09406950664716	2.02108439349874	1.96117586916633	2.00502301868407	1.96147088280172	2.08112440084056	2.02341433086002	1.98581193932966	1.96061495381065	2.15675902346923	1.97939713350786	2.0193102318768	2.05725732420014	2.12740398962117	2.04771635086074	1.96106472981433	1.9088842845447	2.05793064882072	1.90296343794302	1.92024674897802	1.95466571937677	2.07512771094786	2.07470476345915	2.13845824365991	2.7881697957946	2.06028433243104	1.89637264686554	1.97253516077237	1.92174738229104	1.91886138960688	1.96121811422753	2.02242180726064	1.99608260827367	2.13055534187129	2.07693603311218	2.00023128026923	2.01847526844993	2.06778517988564	1.97216971720632	2.00187250377353	1.94486016079123	1.9780855223025	1.94091924907066	1.97943062523462	2.05877032555135	1.90342049749225	1.98675947108263	1.92312377840638	2.05190326484588	1.88261283141137	1.95996539453914	1.98823648448585	1.87510963639524	2.02518750435123	1.8938248687198	2.06030296244823	1.89813362076416	1.90482584327759	2.02582900536387	2.04517116253329	1.97604717459623	2.05462092016769	2.05489335285738	2.05120594595921	2.1002742090475	2.10661185095807	2.10638712994384	2.04979172039688	1.96921651485583	2.09729507185137	1.9417602912174	2.10106527803674	1.98223229879805	2.10198209949648	2.03698741722292	1.98303805736186	1.95747720094869	2.228016006147	2.16531603286585	2.26548812569886	1.95930754821671	2.11860462450047	1.9621915461826	2.18852146284544	2.14835032039987	1.95299646681262	2.01073065377607	2.02824259257376	2.00083047224718	1.96157674183896	2.01153400430409	2.00882428844046	2.08859674555524	2.03107601032666	2.05440503167027	2.22268599469827	1.98725699629354	1.92146463902035	2.07690655649733	1.94593148610201	2.01739158074498	2.08537011442202	2.09749571927449	2.08671687967206	2.00431773230363	1.97298210987193	1.94030203348	2.03392026739155	1.9661426998937	2.11328343281947	1.92695041523523	2.03175381476285	2.05228904839072	2.06071702886038	2.04169009685129	2.20600374462823	2.15823587399695	2.26433253446527	2.32900990593923	2.09684151291982	2.15293011032743	2.23818566502549	2.2436329934104	2.63340387792964	2.55821655349738	2.26886881133711	2.49878431191201	2.25038764887878	2.10683469398899	2.3282438415506	2.36679896907257	2.32075292855502	2.19471932227935	2.38232160393893	2.03922559248004	2.47176365937056	2.38058370183644
"NM_007109 :: TCF19"	2.19550270676603	2.18460562033787	2.21604076045667	2.1518799971032	2.21132864488796	2.1226276953626	2.18638739318402	2.29011099984481	2.27490339458364	2.16309498348782	2.19190512694765	2.20572137676669	2.25802427606752	2.26852749666724	2.19279683002509	2.23044962303972	2.19144984603002	2.20789386515721	2.25625359947229	2.15009700528562	2.31088371436467	2.16992522980016	2.21921058613012	2.11945310784425	2.15041794269989	2.24490042395543	2.26287886937591	2.14211276127669	2.22644142282843	2.1317287024034	2.2046900936158	2.12909051957703	2.13186343486552	2.26486453229018	2.22607723317607	2.20129750238675	2.233373712992	2.22425228288173	2.247340413331	2.12994595167211	2.20155588861846	2.17846985415892	2.12587541908398	2.16545948327575	2.21561808994401	2.16381061701205	2.24163449726846	2.22982145534684	2.21691169392552	2.25505811177377	2.18168556214673	2.17969923890471	2.11428745313378	2.16884736748097	2.1745940710621	2.10085786791934	2.10270397543791	2.22096381922295	2.13465807779539	2.12042143765193	2.14636610948702	2.27045410612674	2.18752252814395	2.14431818060965	2.23067892763829	2.12434737200942	2.16781577225582	2.17993519659325	2.13697095927659	2.12105726851362	2.17359129322582	2.19513081126369	2.17666890908543	2.15096376496166	2.26607071368357	2.1898072224789	2.15727673251684	2.18129199202032	2.2040121593914	2.20435165204267	2.27839846815688	2.14575563879719	2.20739877861439	2.13603039568561	2.25576915797309	2.18552011680885	2.13952700259872	2.1736207518111	2.15113828517533	2.09788375052465	2.26814059662575	2.23186327144861	2.33368122543014	2.23815265525641	2.26799221138423	2.11881174668877	2.19297797672206	2.21487176863952	2.18820837444274	2.18716246730036	2.18014594771272	2.16366671176651	2.22711888503249	2.17537528320152	2.13624404633297	2.24136130087737	2.2072158593424	2.21404308484414	2.26371446369153	2.18586836693542	2.29505782908414	2.15714352122622	2.10132336501704	2.17178000031481	2.19985338012835	2.21895541132446	2.24692091327283	2.15742466128528	2.13542418160189	2.17921215721108	2.22612778849952	2.1098028993324	2.26295830551515	2.1248214594093	2.21154986513972	2.26767933169317	2.3108223943938	2.19393163892627	2.36128101701665	2.24804768989468	2.3009379726877	2.21825285642761	2.26811000145748	2.26655657591691	2.2999484140234	2.20956970271741	2.36371558671068	2.41902240733078	2.32729063391339	2.32563213049195	2.27802061584329	2.21623679730091	2.28225019562794	2.2993320735648	2.44616899094781	2.23479799796228	2.41712143353657	2.20252833381916	2.56438909455705	2.36133301578904
"NM_014791 :: MELK"	1.55169059985021	1.67573396495916	1.60604720610281	1.58151084410605	1.55274205140903	1.67071407200904	1.5629771557427	1.47269253050191	1.624074096488	1.57972220711034	1.57666989448046	1.50324900373791	1.51694343686567	1.61291544357138	1.61017322588585	1.59452665929395	1.64675697985959	1.59646923813378	1.56031753911934	1.61546744666521	1.55262288415292	1.59860214439271	1.62471087939695	1.59775507408257	1.62806456313654	1.63938774468584	1.6724149829273	1.58213722298671	1.58824545533898	1.58340703591487	1.66465295555031	1.58132499145741	1.55181625384657	1.60866893529397	1.61686880147534	1.63937698874368	1.66976609331696	2.01097092654992	1.67176303985792	1.53899663686323	1.57629209458592	1.58858450776096	1.58801403998485	1.59289611059852	1.61971317959525	1.54905681606092	1.71685853810035	1.6576851040854	1.61175034097763	1.67345809853095	1.74046515195385	1.6099320172211	1.6367758986327	1.62720302384326	1.6092853548971	1.65390269933524	1.63815169178759	1.65926086270133	1.60467787507097	1.65064781794141	1.56753786451489	1.6820806841021	1.58297568047123	1.65987524098552	1.61162528824027	1.55487742639663	1.59912264653604	1.60769135595398	1.72321215314222	1.58723742100777	1.56685012735417	1.63166820960893	1.61076924808643	1.59428456888396	1.65474780532003	1.64159330860321	1.66905908225717	1.64779893885595	1.65100548978757	1.69329879236962	1.65032450492171	1.60087399717333	1.62832963556273	1.5687832399452	1.66169018059611	1.59021201346957	1.65254092002033	1.6056738366318	1.60957809427134	1.59559777335131	1.71504860811485	1.79832461900703	1.79375762763417	1.61111311600165	1.72258553033436	1.65579677516136	1.7501725636635	1.67960717852824	1.59688073940688	1.58821090696844	1.64425239035277	1.57834000008889	1.61727850592074	1.62392292705383	1.65757508262437	1.6769905634621	1.68881836107748	1.73144220071216	1.79835574721388	1.6212348489783	1.60542990980883	1.5882592226119	1.69949496086312	1.66816830806009	1.62620788150918	1.68286322228795	1.70949531104068	1.60238110709527	1.57528607272042	1.57000329481091	1.6640887151518	1.64206961546905	1.71774346792957	1.53720173909251	1.64018791579145	1.60208608360021	1.67918919662402	1.63442947302406	1.70369296722092	1.70435305871589	1.77591491889849	1.90341544836585	1.73092811485524	1.71533591291538	1.72278889064733	1.68125024559914	2.0271783659259	2.03512018344512	1.80789491998857	1.96074532220544	1.78474954749599	1.64783561825479	1.83384551771592	1.76241760198996	1.81776819127443	1.76038240434251	1.92456706238666	1.59838787931746	2.16873666609297	1.98403373064144
"NM_015393 :: PARM1"	2.99569610340882	2.70008836114966	2.73218813284418	2.79140968427516	2.96209426134055	2.89339158640886	2.94715210345566	3.14035829548064	3.00833985511647	3.00603620352977	2.83891516170869	3.18518934263789	3.19970938962171	2.62403574798423	2.86681182936819	2.93359447752589	2.67966298760606	2.97636542961737	2.80178925464666	2.81231886170394	2.95995966831865	3.05361459062136	2.79643305124763	2.91810044083313	2.65196559241892	2.64466888885977	2.81901314537988	2.68801205478817	2.97779438777982	2.74996764981449	2.69690464088949	3.00444552010867	2.63286425623247	2.87545201620176	2.72576731331373	2.8679746055387	2.47961991418689	2.36419941757503	2.59238005620165	2.84429359617729	2.99721223911009	2.86043075369645	2.82861506003106	2.98921610549655	2.76471019149825	2.91366781177703	2.80490521942045	2.73004748292818	2.56640792681378	2.86007091437099	2.86668804449138	3.0808020508322	2.86117169008919	2.58532197469164	2.45376243571288	2.8418918477025	2.99921350790247	2.77763453807052	2.88271324372624	2.41429816337941	3.02639788947261	2.77919711405698	2.96568800722539	2.74630449106882	2.76363410692374	2.98915756947079	2.84256757250933	2.8485417643504	2.85762099806792	2.83792381012477	2.90724142536321	2.86157980257664	2.53430356827082	2.8659218904732	2.76004620309508	2.7271036176378	2.36224997378899	2.82382230551498	2.55173515490898	2.36825821981924	2.84473299566283	2.72443653371849	2.50791328651542	3.02666057034472	2.78930074688955	2.74185911649071	2.79774939219378	2.89602339919965	2.81796638361598	2.75416022430274	2.67889256991994	2.79467755541304	2.27644812959247	2.86408240841341	2.68499501408838	2.88907727363854	2.78524761135536	2.59969115195005	2.66061862437782	2.79168366886912	2.68559696312796	3.09183485435171	2.99842018836669	2.62508918636172	2.95791056765748	2.64432151510989	2.38439690329266	2.87601846186122	2.64551305612297	2.77645674335801	2.84759931616482	2.72530737539464	2.85892376671712	2.59159934993687	2.67377576311159	2.42362551157471	2.5649701769857	2.72894822701321	2.72891621327181	2.97835282156696	2.70169586493643	2.67173819767294	2.47579058743138	3.16913527458213	2.80910819952703	2.86124141990268	2.82046096032245	2.78229722985707	2.71836340351195	2.91375339875803	2.38854599478035	2.55481481434163	2.3760828117908	2.52785334574957	2.17991225033145	2.42017047452527	2.19898712753955	2.42327108008213	2.21816921765575	2.74748866731454	2.52319414630183	2.47454147851977	3.0455566571539	2.40516623417568	2.2828382098854	2.73681924487493	1.97986470691342	2.44796627003423	2.27202237091115	2.11874112044941
"NM_018154 :: ASF1B"	2.09088375188961	2.10687972036043	2.16760868130756	2.00401190315901	1.99514021137872	2.12405274044148	1.95078215757896	1.96871667658106	2.16427005818278	2.04738765705401	2.04848220860226	1.9700440305499	2.00573383228964	2.22323622554217	2.12299059840964	2.03796017510792	2.1381893288093	2.12980000713328	2.1051014953049	2.12340447499618	2.20972297288167	1.96943349579192	2.10220358561486	2.07218241227591	2.07917094676157	2.14272875216027	2.11684140275783	2.20804218672731	1.99644388236811	2.04431279871718	2.1607496695559	1.89801802277955	2.10671933471211	2.01356450270008	2.06246968691393	2.09352999858659	2.24047684246671	2.18223151887048	2.15100341140222	2.02272934924544	2.05427302584115	1.90700065721382	1.98386594902873	2.01707625213162	2.07142530374282	1.99964916765967	2.03710680401195	2.17941427189665	2.12435956518974	2.0966326588212	2.0541109678184	2.08141614751884	2.02589781077063	2.07959823096931	2.13995163908498	2.02926844352826	2.00778912523059	2.18566037519385	2.04209173243956	2.05767453530948	2.01385459823795	2.22957259754151	1.97960825496867	2.06412160561448	2.10847271343069	1.93690002705172	2.09352046146387	2.056833839866	2.04502789605934	2.02568639611451	2.10240603552144	2.05552256299651	2.08195546014313	2.05603374471395	2.16445696588893	2.1468530656072	2.15987688147025	2.1830832970045	2.16125204046775	2.15109612407207	2.21984277501819	2.13584160206008	2.12434130017562	2.1055721085245	2.19332161623474	2.09985795366891	2.10533946543858	2.07403000603937	2.1416070658108	2.11555251688566	2.22969585328006	2.28346652229499	2.33602941952472	2.08207481726236	2.13429040050914	2.03466854604485	2.22256581410441	2.19687935632125	2.0483547038613	2.13109190043542	2.13717090815116	2.17057248206766	2.06169978072868	2.16286217350987	2.21406761620574	2.25304527691621	2.18991161196575	2.119510181513	2.27162892961824	2.13563798513554	2.12460872876155	2.10727462798329	1.9997995259322	2.05810865009184	2.19549387693537	2.12772504975919	2.2425714222878	2.16308997617659	1.95143750981801	2.04338998379117	2.10933965867915	2.11218133374576	1.99780166796925	1.96755356041116	2.07039308739399	2.14228719689442	2.17333616850883	2.05725613350244	2.27258851743229	2.14252647810653	2.25932191236852	2.17138118693511	2.20944522292118	2.23671998302633	2.13496061158879	2.17014989600563	2.39347837414336	2.5512016450553	2.27001273112943	2.55623434974585	2.32582404491095	2.21533855640106	2.26827281730872	2.26757677771517	2.36815288067552	2.31831084578527	2.38985983010122	1.95921947857352	2.63669739374585	2.39110745072267
"NM_018369 :: DEPDC1B"	1.76811792410935	1.78158504324525	1.88510713534119	1.75289948080034	1.75665040032927	1.82980711843019	1.81059098700556	1.68687787600138	1.83588913684538	1.79390866030084	1.81865292136116	1.73422414242312	1.68456227458307	1.89361169775624	1.87950417725582	1.84308151412141	1.82885704356032	1.8208729345363	1.81118726683895	1.79292967739798	1.76436439101565	1.69818461428116	1.86277266826005	1.77186540390601	1.90172641232749	1.87411697772094	1.89960972046286	1.72574855355679	1.87180704636776	1.76537561472934	1.79376977397689	1.77076040601835	1.73700055023866	1.82175926046998	1.89251481931254	1.83263918790247	1.91263680853269	1.97148999192348	1.92646080224535	1.75972434175496	1.81979136627817	1.78611516172504	1.81760665150133	1.77744992709738	1.82443915794918	1.73836608853722	1.87018944562883	1.88732807951497	1.86434834976635	1.8619954720772	1.88537845111592	1.78579373530317	1.79225932021697	1.80684550973718	1.84541837534148	1.75825100067967	1.81847852508101	1.877173164376	1.77927695499063	1.84628908871727	1.77288552036714	1.9339313735168	1.74891627619641	1.79331421346179	1.90789950176502	1.72582854634932	1.82695048769992	1.7890064737213	1.86151037320289	1.77129763233128	1.81109912860713	1.81088095818534	1.85480434201865	1.78528396095473	1.90284435289063	1.85973578366116	1.80901584756143	1.80672034377386	1.84502215643479	1.87684744186101	1.92640098471781	1.74481615584902	1.81777660945924	1.81042373008461	1.81401933776618	1.79628168117483	1.7737472959627	1.75576663339234	1.82648062864773	1.76076431975582	1.94180401301823	1.93668318389639	1.90345749503728	1.7949426384999	1.90257021717853	1.76046823014843	1.82512231750894	1.87378266227223	1.79338369506744	1.8346029948094	1.86495357521086	1.74154435723348	1.66224770016876	1.91596497642631	1.89338834216725	1.87594169163014	1.92663184903429	1.83868968195336	2.03375196522382	1.87784644072724	1.76861933805744	1.74155288851172	1.80359870932404	1.87569317762719	1.87483165007831	1.92977954716754	1.95131892034288	1.82614714756998	1.74938449831596	1.72052627347825	1.86210263185156	1.72340629387225	1.99138238612947	1.75525279836729	1.88832295389997	1.87185053143638	1.82861010413334	1.82380200308768	1.93867324453744	2.08511827427511	2.01412599402817	1.9728551171326	1.91386488388762	1.9199997569773	1.88525271838569	1.83833588229925	2.03804763596663	1.94076798001419	2.03848055213995	2.06550991965948	2.04800157349871	1.91122403435975	2.06821072572383	2.02366344126818	2.01212406461922	1.95791096192171	1.9537344147749	1.81062995994206	2.21609551948046	1.97688425938004
"NM_018492 :: PBK"	1.45507354092315	1.50057008727977	1.52252958755802	1.37900576917069	1.40601628177389	1.53271345020936	1.41364842062337	1.38039551070832	1.48707168135645	1.4249585854888	1.45210789818126	1.42577347712201	1.40342927826811	1.51167627484279	1.475905357353	1.48792616972264	1.47550658956047	1.4997275860443	1.45593302422118	1.50588565534752	1.41373399303248	1.41457412237496	1.53321095140353	1.41012268086132	1.51867481098302	1.54189103946603	1.52767828173965	1.52599885939493	1.51921180427021	1.45979631089241	1.56531454658621	1.45309275416286	1.50511026742902	1.51747177959119	1.45594789697188	1.44183935560973	1.58337473802836	1.65249198735656	1.47937815908212	1.48757268904053	1.46113819292831	1.43681505512172	1.46434078491546	1.47615432185654	1.46309302776914	1.46781462773358	1.50888223505931	1.57531364793256	1.51783240046986	1.54656719327026	1.56102097154292	1.48039133611099	1.45842496107401	1.42005956656894	1.55330088437107	1.49745148047212	1.42975091891798	1.5803469892678	1.45468194949486	1.50367331661106	1.40466259255842	1.53323643026408	1.45051607837968	1.45310565261093	1.5702210641702	1.42246295526322	1.4673523337139	1.46639788081586	1.50260511644834	1.41131200265015	1.45936742366622	1.50337427737252	1.45510383864765	1.43239812354457	1.51517490594549	1.55770846520422	1.56226004690079	1.49433818363034	1.47880209065537	1.49290686259036	1.54907557993734	1.43637197822515	1.48937257695565	1.45097217932383	1.51808529524259	1.44468598449014	1.50836244976275	1.44246485849074	1.46982485201804	1.43354478756621	1.54816598006295	1.6098341455666	1.59896199371903	1.47722023138317	1.4755063124149	1.50436417230236	1.62850952121001	1.5284026617261	1.45781280618908	1.52470408516334	1.50906685161546	1.42829306676762	1.46208099513485	1.51984479070715	1.53829692268966	1.56858608789053	1.54693723108376	1.4978998657352	1.72823847883889	1.49677333596839	1.47842835641973	1.46071802757594	1.4300913650212	1.47961945846195	1.45822768649011	1.60062902091206	1.56656778788071	1.54820545948269	1.46926615981271	1.41952433822943	1.55807720126504	1.46714647305893	1.58193281078867	1.42738463105518	1.58339285454162	1.46656234066441	1.53067228034603	1.47411442055858	1.59526385978462	1.56621042196341	1.7026982019652	1.74276206250459	1.52411284018152	1.64238474969807	1.625841770387	1.55301103200373	1.93166202770306	2.07119426868774	1.55147617865929	1.77455836738251	1.72787952059975	1.57210842387584	1.71109390784602	1.59298201496696	1.72343109953725	1.83452670996677	1.64306042581822	1.45600938299752	2.07003391870426	1.9063634391328
"NM_020242 :: KIF15"	1.50624543582497	1.63979327352844	1.63796519455523	1.55527251445298	1.60126354752571	1.58299887694126	1.57992347820905	1.48314823678699	1.60925415139023	1.59406212976783	1.56022706721055	1.50379493644988	1.50210195127232	1.63836854849041	1.53538065598622	1.56471653881601	1.55036735377108	1.58983184453292	1.59013305190045	1.56345938477232	1.5684478760298	1.53978759107184	1.5605133298465	1.53495892153761	1.5943919096149	1.60982397476136	1.62598372848202	1.57625187908371	1.59632073693403	1.52504510375949	1.57270884281904	1.59320686775458	1.54102264497776	1.57865220985706	1.64418082633341	1.54989581202285	1.65540676694051	1.74970769672088	1.72956405673128	1.56363118562108	1.56786891291225	1.63880410659938	1.53866822456848	1.57072563745718	1.58199623093514	1.52890419150747	1.65300766028959	1.63829856106939	1.62773874355101	1.68522207737292	1.66758913737735	1.57963564537119	1.57532646584562	1.56850269175876	1.58459144705999	1.59379639473451	1.56785645553832	1.61582840140667	1.55050523734182	1.62251542230013	1.55023852648608	1.73047123399005	1.57502358006491	1.59326430958323	1.6921628248662	1.54167814921679	1.57970890781376	1.58888346455986	1.61530284614842	1.52883173942756	1.62263196704872	1.60772790468289	1.60949972673173	1.60073858562739	1.6774914415657	1.61603214892282	1.64446870208148	1.55276186304352	1.59491133192007	1.63727107379798	1.65846229519838	1.57382795385735	1.57091029619131	1.59613977294784	1.61096385866503	1.58870471313125	1.62103955459811	1.55941973822587	1.60280730750652	1.61712311179361	1.72170947860042	1.68496978130701	1.74162855121199	1.61034022870429	1.60646035472585	1.60881824929183	1.63079507304058	1.70672189640626	1.60605652186477	1.64676340692386	1.60506431778108	1.54432712258125	1.5543410066332	1.64490625633047	1.59358920528181	1.6777038937704	1.64612348490415	1.66552068717344	1.71950910575248	1.63386357258446	1.64498430444992	1.6026018502931	1.57422009069833	1.5894639630705	1.60361095654697	1.64744465922504	1.67232113805482	1.63569734747343	1.62754791498112	1.59225495007911	1.64432683598992	1.58195706076178	1.63181709416367	1.56728720266111	1.61377533103865	1.64360672244605	1.65738062743298	1.61249428183696	1.74690452536536	1.73097345640398	1.73974239922113	1.76880033177769	1.63621504022511	1.66748412627061	1.72444975723321	1.58166006803254	1.73349376558261	1.82978422053326	1.77614752046252	1.79829762712153	1.78807549955859	1.65528656708341	1.72718803735126	1.77925428879657	1.8523952701972	1.61368094284709	1.70748730060798	1.59227464855126	1.96537880099404	1.83837376542263
"NM_021097 :: SLC8A1"	2.4365675431103	2.25356946773549	2.33695777190858	2.36026314934874	2.28029768924853	2.36649486282699	2.43718740288468	2.79191455384625	2.70742508974177	2.24009396891838	2.26439292327405	2.33203974380111	2.74862493980808	2.24790751746051	2.32885097092766	2.35809022947167	2.2167744974349	2.50378802401641	2.16160147731654	2.26405535931079	2.30061194114609	2.65024374098198	2.59025095688147	2.2706586887601	2.49094995256952	2.36368977337019	2.08856845519574	2.30618757566386	2.30903874460079	2.30206982136881	2.28010343961414	2.38121247422044	2.28003639845868	2.26056396826927	2.52243424342877	2.19845374734769	2.15888247713777	2.27957576714315	2.20621437995792	2.3271260137045	2.49827344207981	2.25211093525883	2.00301794093938	2.39782113397806	2.27937328833859	2.59753229655793	2.56812552700254	2.31686385266974	2.23626720815544	2.50941867070563	2.22713275109865	2.15464114993188	2.37184270456425	2.28315379171903	2.10986375096081	2.29791428590668	2.11665304507822	2.02497718253377	2.56762932813352	2.12326858892251	2.35543037930555	2.26835927501305	2.42581998466578	2.30746998692157	2.32896926885519	2.50787896200887	2.43789076731128	2.54908097966577	2.52539970064345	2.35679665581921	2.39311614465679	2.19502035204412	2.02118074724794	2.41100390111847	2.33220473270516	2.41428744174811	2.04027801242382	2.26801487817802	2.14025962494561	2.06283215304976	2.3913128055578	2.1438302757324	2.19947259255009	2.20331200348696	2.38522180315129	2.24143093686359	2.18827530585572	2.50131748461015	2.23243223329832	2.11471967674551	2.2620347774182	2.13732400955002	2.09094497476757	2.25402801317177	2.26853806638305	2.10061805947802	2.03359791970437	2.17681086403245	2.21095530424087	2.12762592634231	2.32743667157949	2.1532954771927	2.41030690005794	2.14939541575314	2.28077189394091	2.28249024116016	1.92884162008072	2.01324866389476	2.11065684648897	2.22102632674041	2.37310321167069	2.25731182211372	2.20273168635026	2.15630298393038	2.14011245059886	2.18187850807452	2.2307557121602	2.03155324357463	2.09287112423103	2.22116401870157	2.31911193917146	2.04808237873629	2.10211234366327	2.3408355857244	2.26464156457861	2.19289004798037	2.58300456334949	2.33145343223536	2.10823952758346	1.90545930570885	1.98093055060642	2.25022312660544	2.05431065816954	1.90985215962814	1.89326482272534	1.7773644606456	1.93568714409604	1.94278262267238	2.01245643455814	1.99530486654643	1.92431951838906	2.07182278319256	1.77992570338945	1.98171916602808	2.06810491652394	1.96355968278803	1.80192531797165	1.8347651222746	1.8532167217711	1.7058160892749
"NM_030583 :: MATN2"	2.98308402310448	2.76757610816732	2.7691649007183	2.67150244722194	2.6888932990985	2.61780256396643	2.79525123496333	2.9818098450464	3.08047225966505	2.70735086434781	2.8288575939054	2.84021452307702	3.14928904099792	2.6456932542157	2.91714429049471	2.7603974941162	2.69535198011521	2.86865623915356	2.51827378223054	2.61766120627996	2.73091474234998	2.88681598821353	2.89558580798871	2.74067011274208	2.86359616170589	2.64445692174673	2.39458622693639	2.81646196215423	2.86854359877538	2.81681667194183	2.71700462064443	2.71018019252341	2.63037771324511	2.45566483303911	2.83124783413045	2.60194950838839	2.60901428207618	2.64069553471765	2.51752630693497	2.60226799014477	2.7289944869064	2.51870523175984	2.47885929737359	2.6879190736373	2.5636525518808	2.90657853749845	2.64665095694091	2.59294783290072	2.54730133471698	2.74301191865661	2.69918367957079	2.49256708187203	2.60795425022334	2.62719461988228	2.67313221198141	2.66087028168957	2.5669550278316	2.48406055653896	2.83417927718464	2.49190300169844	2.69752805847494	2.59606041213628	2.77689400566596	2.63663051000097	2.65763220688431	2.75574760231946	2.67467790517502	2.75883725935452	2.74357416200013	2.66836023349486	2.76944503144765	2.54001031589598	2.56950467560651	2.69603311489285	2.65525239508958	2.82951522941678	2.54081675868365	2.56718336977665	2.47092022710497	2.47459107288032	2.72871309122325	2.38137836483715	2.49592949547109	2.54855199288127	2.56115013528499	2.55094823011971	2.61686480655497	2.73907508550296	2.61245002826626	2.56642450813315	2.61116840811688	2.49602378594169	2.39357780043502	2.85162362151995	2.68461325181943	2.69064517237441	2.4849798906647	2.57161277688821	2.63198936365148	2.65209801686773	2.645888054992	2.65734182075921	2.80557763523002	2.58210641768109	2.69406272044599	2.69823284914385	2.56241706757005	2.33149164439134	2.44303792813062	2.61582494261039	2.83942660265221	2.69051464500162	2.73542520361999	2.60395222356219	2.58159017318784	2.74582411825898	2.51272323539005	2.52324674826028	2.68403668632454	2.74508976123541	2.67050388207849	2.66499993380914	2.43978621256021	2.67249967953589	2.53025286579645	2.61308357592316	2.80715273458134	2.59979318460887	2.5927060031736	2.40122189579344	2.31444748246619	2.74330976612	2.58798618998079	2.28454855455419	2.27746077641885	2.25622652675767	2.11219786543768	2.33500168166936	2.29055038038539	2.40215048408554	2.44227718552084	2.45167285170329	2.4260784914741	2.28708653919932	2.54227336123497	2.07386825250621	2.60780019996508	2.20553238271263	2.30007913512355	2.59302619136551
"NM_058172 :: ANTXR2"	3.09590973017025	3.0738088905055	2.83076486491653	2.97554390981208	3.19920688129394	2.88842690427327	3.32473106255957	3.31556822263981	3.08862925422571	3.21544508118953	3.10668684098247	3.27790400892929	3.24683688203121	2.97660319338463	2.96364103315101	3.00561504507497	2.74910633570447	3.1004385750167	3.14254538773164	2.81885106243763	3.09324738651991	3.32329486222712	2.95957147548053	3.20614741980124	2.85652961646699	2.90137220592971	3.0309646421115	2.99516940830482	3.11057807983882	2.98504124942486	3.0784257959615	3.2831226271231	2.74910335992959	3.00100163911884	2.9736493380581	2.97812931120127	2.75681888147539	2.66262124033698	2.80443590417901	3.37555926896333	3.33913459770078	3.20169063854894	3.23068427299746	3.20874680389443	3.25616038436078	3.18264288206785	3.03240537194094	2.91870731194806	2.98299965352924	2.98730897941579	2.99736398334222	3.11891837508497	3.02670279791503	2.81849611883387	2.81824587428936	3.09235229922231	3.24455334251074	3.19772739997991	3.22550277296301	2.58030112086179	3.29816627606436	2.99469686989492	3.27729126294979	3.05538061808438	2.99475198116064	3.36798481312481	3.10102394047499	3.13908695069302	3.05592814825184	3.07296690845751	3.19242645553387	3.03973833044849	2.94508821113873	3.28985731656319	2.93627185800279	2.85968206990061	2.9854612857013	2.94863950172485	2.53963767354448	2.63004055400244	2.95349061454129	3.1184873459179	2.70454022350225	3.2483099723317	3.03955730724178	3.09816455721724	3.01753500465352	3.07370099167711	3.02157174358192	3.1411371243612	2.81779197348605	2.93819336207884	2.62570884206197	3.06185671026365	2.87811126537719	2.71208096503066	2.67728103096292	2.94557240773795	2.78765268507975	3.02681270993929	2.73682245179	3.31376092108313	3.14495563019175	2.72514588516498	3.02632125467572	2.99409365021763	2.68977459992829	3.03206155497515	2.90068983013923	3.1261733171975	2.97449572626406	2.83486818525417	3.05135444882051	2.79325765480023	2.85731088513673	2.69572484965687	2.80274137274136	2.67483729478289	2.96545661829784	3.15753025169478	2.83704057207391	2.62151516306609	2.72075613890765	3.29502674116951	2.90129442456424	2.93778355645481	2.8507385333502	3.09663747558291	3.02570054359544	2.99580577127601	2.50720562869819	2.6737525597845	2.26169131200209	2.34965060323126	2.74749075337714	2.8431045584871	2.41502987606064	2.66693806547137	2.466154551655	2.83101801449398	3.1416145654371	2.44463537196228	3.00333034315731	3.00248150191697	2.27445250124131	2.37615210458052	2.19345623688823	2.77358826490849	2.01168146553993	2.92113788976412
"NM_130398 :: EXO1"	1.7133428952783	1.7640815275409	1.82507468545918	1.68196785232607	1.70672583467995	1.72630418039664	1.65852488904872	1.56669249097672	1.74970583943751	1.71842910468429	1.70547609938497	1.63584987697355	1.60102032708987	1.82209517836296	1.67798916939299	1.77649617553315	1.72356512584205	1.732421953521	1.71543440375949	1.67710284884338	1.72740771997238	1.63813110935278	1.73585300728043	1.6735453392807	1.78295066122506	1.82129624869745	1.78125583142601	1.70352479553796	1.71263986404516	1.6749425952012	1.76117616344613	1.69728685112809	1.66183406693355	1.71110128658715	1.76835513357123	1.68206738697995	1.87319774453477	2.00410545677197	1.9406273710134	1.66098793369752	1.73439268811939	1.73175183518663	1.72142856326381	1.76508578345628	1.73166717943217	1.61176289692435	1.8190316624215	1.85574745711367	1.73976538427199	1.80085654390141	1.78601394836952	1.69545417303054	1.74408986277399	1.75526674020855	1.72533826553577	1.70987669881062	1.69535879595178	1.81754174641491	1.65311229015022	1.69561898735835	1.61873909004257	1.89537738697016	1.65584014065372	1.69593024398395	1.82857578495647	1.63307413566369	1.74882928868523	1.72867054556288	1.77693036894813	1.67404058928961	1.74033130138809	1.81860638563834	1.78164916843996	1.71431366577073	1.8279585111249	1.75843587530157	1.77144027576649	1.72156909082616	1.7933911864723	1.78642670630575	1.86695676161577	1.72901431901728	1.76119485476165	1.79885317941304	1.80483796728258	1.76022342073222	1.7696420866352	1.73561779299868	1.73491830880607	1.74553492614813	1.90681307628889	1.87364488381032	1.97414029218595	1.71451844205327	1.82481799708313	1.71989430804123	1.75693014147091	1.83452040483481	1.71702426412412	1.77971264300593	1.81041624481835	1.67965713335918	1.67858391975398	1.81162076218219	1.81305040798821	1.86552693504828	1.7710345755177	1.75577704111183	1.96341577444769	1.80797151735216	1.6969516998961	1.69416040614186	1.73260119685705	1.77165000496612	1.79382690517686	1.87364922744614	1.86458909294536	1.76284856129456	1.73420223706513	1.69473343216091	1.8336586025641	1.6597136219207	1.84594449930777	1.68434900540227	1.8032155659406	1.84136816924668	1.77254105798819	1.79547081804451	1.94220874212345	1.89146225943614	1.95812308257894	1.90532174313982	1.86898569698029	1.94305073087497	1.84958850038855	1.71828771571024	2.04260694508226	2.14607809507606	1.9200548067013	2.01987909817046	1.93000426293662	1.81607914056666	1.90619449949676	1.89663941350772	2.10874413253319	1.87613185100938	1.96880013565963	1.7413622165209	2.25200586191447	2.12255678747718
"NM_181799 :: UBE2C"	1.90202686511807	1.96329633720639	1.95913535902928	1.86617178283708	1.89726384907175	2.02272387786366	1.84837988955326	1.78780872333492	2.05641308476757	1.93253777523356	1.98327634292845	1.84507820647205	1.74847084634381	2.07328481908879	1.9588843959871	1.95473383011574	1.97794450082843	1.98917130739428	1.99044997850732	2.00168619388472	1.93019582784025	1.9287092387496	2.05680721120474	1.97050936580911	1.9592722133275	2.05889611111649	2.10031663321523	1.99707056953514	1.94720478238051	1.86779630298838	2.03157755363233	1.82175007000376	1.9317156189182	1.89048833069453	2.0409920906544	2.03287147728442	2.05176205535776	2.47158824900182	1.96581732786924	1.8954182377498	1.90930074050874	1.87224476942042	1.86307723566979	1.93055355002153	1.93358148180077	1.92911148896162	2.0583344385717	2.07341819485101	2.00711270264166	2.01435574095307	1.98348114748028	1.96922088968193	1.9909295262467	1.94074553576365	1.97706146633544	1.87989895869961	1.92938458189902	1.99116233870513	1.87068730977426	1.99985140154773	1.88120235081711	2.06443316655178	1.87549046838554	1.95525118905839	1.98383231614491	1.84067855283251	2.00068536667236	1.87403200591135	1.9913424687654	1.86427534897423	1.88459048938152	2.00663885981977	2.0143425975123	1.94971087874075	2.03609694501299	1.99002079386279	2.04173398223191	2.08160998732552	2.07491037720125	2.07413318047416	2.04053900663002	1.94344033573046	2.07008667664972	1.92175682505727	2.06507102167234	1.96664550768708	2.08145957537526	2.01601525049581	2.00042685479448	1.95513253433143	2.20061666908099	2.15627722846096	2.24544082124969	1.94128622959432	2.09584383033824	1.97071680527878	2.0950523152847	2.10019384689312	1.94581006955135	2.00307545434904	1.97476191440105	1.97125778747908	1.9447096186654	1.9682515899677	2.02199002553004	2.0524071218675	2.02358053541188	2.00367205195222	2.15978377709538	1.94369649599999	1.897694360763	2.09183466125622	1.91230067077403	1.99193493722771	2.07102903573175	2.04897421196823	2.04354907784181	2.00346698793985	1.92779345011647	1.94785822841221	1.98970845773426	1.93578933630349	2.01678890698427	1.90794005166644	1.9766684528163	2.01665391629176	2.03645586344799	2.02807008740774	2.15706986141935	2.12574377671179	2.24183017792362	2.18964633050588	2.09852984067741	2.12940271097348	2.208220040127	2.17836821501982	2.51567515566185	2.36196256325831	2.17490029225036	2.37402026913194	2.18241264087586	2.05915506198772	2.19935456432486	2.25734388366862	2.20863812313054	2.18217384359412	2.2794569376307	2.01869755340831	2.34698143939666	2.21870208900327
"NM_181800 :: UBE2C"	1.99447052913592	2.02373820614172	2.05449637434043	1.96265251226647	1.97700372130104	2.12561189592808	1.95144458710332	1.87308525532975	2.1101482124783	1.92643179726847	2.06285033005788	1.942217069039	1.86233816294591	2.1674385838974	2.08720869853805	2.01137529285446	2.0702034488371	2.01130840884728	2.15970248937128	2.07457727980017	2.04478163132425	2.01785635403006	2.18913045792199	2.02885334022005	2.09413937901166	2.11018076192447	2.17996716169282	2.09098660032047	2.03505630822277	1.94553333067998	2.12926716361929	1.96458368321342	1.9872192572069	2.07340865337989	2.10909652550525	2.11850137945488	2.20533108109496	2.76718758297886	2.11894782482653	1.93748015736455	2.03039594150943	1.9656993023567	1.97154624592105	2.01802307773379	2.09258772419482	2.04972178196489	2.1688999677067	2.12901381528496	2.03855899457013	2.08352190931792	2.11664169745185	2.0518327834666	2.02385376361052	2.00096104896757	1.99758924800095	1.99783646735736	2.04348613069132	2.11516672050627	1.98316909960336	2.03570602176588	1.9953466317968	2.10132806181309	1.95307646807285	2.03192455534099	2.07136657957339	1.93398186956709	2.09254054873386	1.96477586171069	2.12793147190261	1.97113588442947	1.95964899491703	2.10169934152984	2.09383838622321	2.02076563947035	2.13782192833936	2.13102490973945	2.10486237968132	2.15039380445238	2.17175171065122	2.172209517937	2.10943462298125	2.0226947588907	2.15123705060221	2.0045731850781	2.17089308654503	2.04145843618809	2.11045347977895	2.06691025544876	2.05032568215549	2.02012179790163	2.2600902484903	2.20849611436789	2.28951213873325	2.01449695975593	2.16489795431124	2.00153037930423	2.20926439163477	2.22780384200459	1.97372730680904	2.06118354416902	2.06908306505432	2.0592875291316	1.99407956329257	2.06336536347902	2.0560830476686	2.13804198154625	2.12126502901013	2.1026261806913	2.27733258375745	2.06825362548181	1.97196675247534	2.10699141120379	2.01537385313849	2.09490305310063	2.15434087697576	2.1384711069175	2.13627658601745	2.06404541734902	2.0324236442118	1.98429579406905	2.10291131642072	2.02032291122909	2.19550063663046	1.95389995248617	2.11419153180036	2.10151555105683	2.11549461593888	2.08997035096468	2.2481518165101	2.2161505133166	2.3264767515162	2.31929668519211	2.15944297330347	2.21537891588871	2.28328866519854	2.28712752695752	2.66873040248099	2.55363591339798	2.31620868506113	2.49670938804509	2.3154611594532	2.18418251442028	2.35517085853798	2.39257666138009	2.32821987733344	2.19038530787485	2.37034219897256	2.09754228015928	2.50487554178143	2.38321602061674
"NM_181801 :: UBE2C"	1.80519155923385	1.84634096359082	1.8524554030159	1.79115574296495	1.79384533471128	1.92512527293338	1.77351466083333	1.71889638738108	1.93103632068341	1.78686481021651	1.88211202959166	1.73429229554279	1.72319319494269	1.93358368253023	1.92474228460204	1.83440810965319	1.89126533303901	1.82101925519797	1.93253618843696	1.89916902614319	1.89356098177144	1.83203595921882	2.07926780010009	1.88134036549121	1.91582844977165	1.91719888542798	2.02021871332325	1.92730510052749	1.8700761297307	1.82681242212851	1.92840919162858	1.80738244533794	1.77924002198276	1.77521742216159	1.94534195106292	1.99039042970223	2.00556637878637	2.76147220709205	1.94915245625352	1.81392266915092	1.81980380937492	1.8040437700183	1.80468822104098	1.81752389203269	1.86803370616937	1.90411068180879	2.0693603324049	1.91986875678434	1.88571344558971	1.90765731136073	1.99886978644579	1.84520869360815	1.88662629538478	1.82425554896192	1.88658095226772	1.82122404134313	1.8895766066328	1.88973782668658	1.76402550892756	1.85628488856931	1.81255054032821	1.93628946223685	1.76179745532291	1.81965286258599	1.84620401750573	1.7476251825376	1.8793060831417	1.78169397649736	1.95423588258088	1.7775805282788	1.78440239596856	1.88680284751908	1.91460592215773	1.8420614590269	1.89567088757591	1.91839099586988	1.91833357542686	1.93710274529331	1.9497947978067	1.98664109135364	1.9065415172654	1.81048322310976	1.95041022929557	1.81641118620774	1.92813501530437	1.79840898419164	1.9477113756461	1.85618592706855	1.83553275707551	1.79720632045327	2.10776011205665	2.01014099417727	2.08523744616777	1.81557228674642	2.00516625677497	1.84509837135452	2.12162186026985	2.03795668359385	1.85542707301912	1.8361511080412	1.90663617759481	1.84356454318139	1.88118401233866	1.89321266799643	1.86076602448175	1.99749557966262	1.87639160972187	1.91002738662591	2.11677896356592	1.87297513412516	1.7972455883142	1.96695931971972	1.81638706530052	1.92395172725396	1.93371663223239	1.96921775972953	1.9633760497988	1.90183836920117	1.83440136616739	1.79296767933205	1.90773165044146	1.83895496269672	1.97654956309944	1.80776448517849	1.90656358186857	1.92583458656415	1.9268973697668	1.89867826426764	2.0789617604184	2.03029694487087	2.13811281668956	2.28170915724211	1.95022912476084	2.03117763589324	2.18106227374632	2.12057659196147	2.53590428490703	2.52772769918373	2.14631444564005	2.45187166242875	2.13818296536621	1.96318032942763	2.2675971401491	2.29673617162997	2.17185263473318	2.12726015438337	2.35203455310364	1.89566115516709	2.39896875426591	2.34476246746614
"NM_198859 :: PRICKLE2"	2.49025883372266	2.37603291190524	2.53077442302815	2.38928088877887	2.31563641166814	2.39185275797628	2.35700173243769	2.62068879521819	2.62207760633772	2.42467007533904	2.35892123662061	2.38715777175918	2.8523999805916	2.38893205442873	2.41269863706921	2.44936976715954	2.32919595533723	2.49354858311346	2.30457770625139	2.28214829181482	2.43916475009893	2.54912832969451	2.4823416746637	2.34627028073211	2.48709148882014	2.39630900825089	2.20222942855797	2.40062801506076	2.43637300330714	2.29092495278571	2.35722822676795	2.44118391157505	2.26421688899472	2.34410944780452	2.47741679812551	2.29942656583732	2.313792871515	2.24372113270905	2.29556132872941	2.24604587369769	2.45263865398472	2.23655385125469	2.17693694357683	2.42680046120576	2.30689313505767	2.45981717807873	2.50686038116863	2.39654300668972	2.32503769402916	2.4963065345862	2.25597584951929	2.19355992280376	2.28052308093267	2.34413393126777	2.15864528186815	2.30993421196358	2.26502658930336	2.22968573950365	2.43776226841088	2.19422469827427	2.44099128511917	2.37533608432295	2.41622172482082	2.27221948907677	2.41678683104071	2.39799866521418	2.42963298107642	2.51116376668935	2.45592310877108	2.54081229487354	2.4197213028366	2.31241084020276	2.23787430842302	2.38521740863933	2.36099625445582	2.5468306834849	2.23593318703492	2.31368475181169	2.27545420291514	2.22927376418662	2.46502462917994	2.23648373633832	2.26485844632314	2.37385008640341	2.41490411779844	2.2915674195617	2.34449349312605	2.48299472394309	2.28501821163559	2.23858460905152	2.36787531701322	2.2950826870646	2.29184007379945	2.34747369648188	2.34304560563587	2.13477227541861	2.16122918270223	2.26493028410514	2.19481365187248	2.26915484210997	2.35808203601132	2.26839453195412	2.43030247373315	2.28290637452978	2.37684478683025	2.33038934017861	2.18876773784016	2.09225977285038	2.31449451240999	2.30172637843315	2.46584389601455	2.33720276618207	2.29128937569252	2.2974052891466	2.29624147035943	2.30818751522205	2.32572454547645	2.32296322640595	2.23227648648187	2.32709615264346	2.41398447179959	2.27054229888828	2.21229488039304	2.28461655453121	2.26718204460845	2.42877010704155	2.51347434346024	2.31535451228096	2.36440847413235	2.19721516869868	2.3014344401722	2.00789859306129	2.2262190409208	2.21061432665509	2.11271259202222	2.07655801457801	2.10299846997168	2.22378884768478	2.22908360414695	2.22594132672927	2.18304377811555	2.22111929451195	2.05418576009426	2.14697142421951	2.34666393501267	2.00284071358177	1.99372569523961	2.09290748261218	2.18833191885689	2.18116647200136
